"DESCRIPTION","DURATION IN MS","NAME","PARENT SUITE","START TIME","STATUS","STOP TIME","SUB SUITE","SUITE","TEST CLASS","TEST METHOD"
"获取单个帖子详情","537","test_get_single_post[2]","tests","2026-03-17","passed","2026-03-17","","test_posts","",""
"获取单个帖子详情","663","test_get_single_post[1]","tests","2026-03-17","passed","2026-03-17","","test_posts","",""
"","691","test_get_posts","tests","2026-03-17","passed","2026-03-17","","test_login","",""
"获取帖子列表：返回 200，且为非空列表","715","test_get_posts_list","tests","2026-03-17","passed","2026-03-17","","test_posts","",""
"创建帖子","1529","test_create_post[case0]","tests","2026-03-17","passed","2026-03-17","","test_posts","",""
"更新帖子","795","test_update_post[case1]","tests","2026-03-17","passed","2026-03-17","","test_posts","",""
"更新帖子","927","test_update_post[case0]","tests","2026-03-17","passed","2026-03-17","","test_posts","",""
"获取单个帖子详情","921","test_get_single_post[3]","tests","2026-03-17","passed","2026-03-17","","test_posts","",""
"创建帖子","1061","test_create_post[case1]","tests","2026-03-17","passed","2026-03-17","","test_posts","",""
